{
  "leagues": {
    "multileague": "Multi-League",
    "favourites": "Favourites",
    "allGames": "All Games",
    "premier_league": "Premier League",
    "premierleague": "Premier League",
    "championship": "Championship",
    "fa_cup": "FA Cup",
    "carabao_cup": "Carabao Cup",
    "eredivisie": "Eredivisie",
    "bundesliga": "Bundesliga",
    "admiral_bundesliga": "Admiral Bundesliga",
    "pro_league": "Pro League",
    "hnl": "1. HNL",
    "superliga": "Superliga",
    "ligue_1": "Ligue 1",
    "serie_a": "Serie A",
    "serie_b": "Serie B",
    "coppa_italia": "Coppa Italia",
    "eliteserien": "Eliteserien",
    "ekstraklasa": "Ekstraklasa",
    "liga_portugal": "Liga Portugal",
    "premiership": "Premiership",
    "la_liga": "La Liga",
    "la_liga_2": "La Liga 2",
    "copa_del_rey": "Copa Del Rey",
    "allsvenskan": "Allsvenskan",
    "super_league": "Super League",
    "super_lig": "Super Lig",
    "uefa_europa_league_playoffs": "UEFA Europa League Play-offs",
    "premier_league_ukraine": "Premier League Ukraine",
    "proleague": "Pro League"
  },
  "countries": {
    "scotland": "Scotland",
    "denmark": "Denmark",
    "england": "England",
    "spain": "Spain",
    "germany": "Germany",
    "netherlands": "Netherlands",
    "austria": "Austria",
    "belgium": "Belgium",
    "croatia": "Croatia",
    "france": "France",
    "italy": "Italy",
    "norway": "Norway",
    "poland": "Poland",
    "portugal": "Portugal",
    "russia": "Russia",
    "turkey": "Turkey",
    "ukraine": "Ukraine",
    "sweden": "Sweden",
    "switzerland": "Switzerland",
    "europe": "Europe",
    "nhl": "NHL"
  },
  "teams": {
    "fc_cartagena": "Cartagena",
    "hatayspor": "Hatayspor",
    "lecce": "Lecce",
    "st_helens": "St. Helens",
    "thun": "Thun",
    "bryne": "Bryne",
    "widzew_lodz": "Widzew Łódź",
    "rakw_czstochowa": "Raków Częstochowa",
    "ster": "Ster",
    "hcken": "HCKEN",
    "mjllby": "Mjllby",
    "standard_lige": "Standard Ligue",
    "la_louvire": "La Louvire",
    "lech_pozna": "Lech Poznań",
    "hamkam": "HamKam",
    "kfum": "KFUM",
    "motor_lublin": "Motor Lublin",
    "grnik_zabrze": "Górnik Zabrze",
    "carrarese": "Carrarese",
    "makhachkala": "Makhachkala",
    "deportivo_alavs": "Alavés",
    "fc_kln": "FC Köln",
    "kirkley__pakefield": "Kirkley & Pakefield",
    "stanway_rovers_fc": "Stanway Rovers FC",
    "bourne_town": "Bourne Town",
    "highgate_united": "Highgate United",
    "woodford_town": "Woodford Town",
    "1874_northwich": "1874 Northwich",
    "worcester_raiders": "Worcester Raiders",
    "british_airways": "British Airways",
    "lakenheath": "Lakenheath",
    "sk_poltava": "SK Poltava",
    "pogo_szczecin": "Pogo Szczecin",
    "wisa_pock": "Wisapock",
    "bodo__glimt": "Bodo/Glimt",
    "zagbie_lubin": "Zagbie Lubin",
    "ifk_gteborg": "IFK Göteborg",
    "racing_santander": "Racing Santander",
    "sporting_gijn": "Sporting Gijn",
    "fc_andorra": "FC Andorra",
    "real_sociedad_ii": "Real Sociedad II",
    "legans": "Legans",
    "mirands": "Mirands",
    "castelln": "Castellón",
    "cultural_leonesa": "Cultural Leonesa",
    "crdoba": "Córdoba",
    "mlaga": "Málaga",
    "almera": "Almeria",
    "cdiz": "Cadiz",
    "ceuta": "Ceuta",
    "vrnamo": "Värnamo",
    "odense_bk": "Odense BK",
    "union_saintgilloise": "Union Saint-Gilloise",
    "zrich": "Zrich",
    "west_ham_united": "West Ham United",
    "blackburn_rovers": "Blackburn Rovers",
    "sunderland": "Sunderland",
    "charlton_athletic": "Charlton Athletic",
    "portsmouth": "Portsmouth",
    "tottenham_hotspur": "Tottenham Hotspur",
    "middlesbrough": "Middlesbrough",
    "liverpool": "Liverpool",
    "manchester_city": "Manchester City",
    "west_bromwich_albion": "West Bromwich Albion",
    "fulham": "Fulham",
    "birmingham_city": "Birmingham City",
    "everton": "Everton",
    "manchester_united": "Manchester United",
    "aston_villa": "Aston Villa",
    "bolton_wanderers": "Bolton Wanderers",
    "wigan_athletic": "Wigan Athletic",
    "chelsea": "Chelsea",
    "arsenal": "Arsenal",
    "newcastle_united": "Newcastle United",
    "sheffield_united": "Sheffield United",
    "hull_city": "Hull City",
    "reading": "Reading",
    "derby_county": "Derby County",
    "watford": "Watford",
    "stoke_city": "Stoke City",
    "burnley": "Burnley",
    "blackpool": "Blackpool",
    "wolverhampton_wanderers": "Wolves",
    "swansea_city": "Swansea City",
    "little_common": "Little Common",
    "leicester_nirvana": "Leicester Nirvana",
    "southall": "Southall",
    "darlaston_town": "Darlaston Town",
    "whitley_bay_fc": "Whitley Bay FC",
    "norwich_city": "Norwich City",
    "galatasaray": "Galatasaray",
    "rubin_kazan": "Rubin Kazan",
    "celta_de_vigo": "Celta Vigo",
    "hollands__blair": "Hollands & Blair",
    "easington_sports": "Easington Sports",
    "barnoldswick_town": "Barnoldswick Town",
    "mulbarton_wanderers": "Mulbarton Wanderers",
    "boston_town_fc": "Boston Town FC",
    "kimberley_miners_welfare": "Kimberley Miners Welfare",
    "roma": "Roma",
    "mattersburg": "Mattersburg",
    "leicester_city": "Leicester",
    "lazio": "Lazio",
    "olympique_marseille": "Marseille",
    "queens_park_rangers": "Queens Park Rangers",
    "salzburg": "Salzburg",
    "torquay_united": "Torquay United",
    "crystal_palace": "Crystal Palace",
    "afc_bournemouth": "AFC Bournemouth",
    "celtic": "Celtic",
    "barnsley": "Barnsley",
    "sheffield_wednesday": "Sheffield Wednesday",
    "sporting_cp": "Sporting CP",
    "nantes": "Nantes",
    "sd_eibar": "Eibar",
    "az": "AZ",
    "rangers": "Rangers",
    "nottingham_forest": "Nottingham Forest",
    "millwall": "Millwall",
    "southampton": "Southampton",
    "hibernian": "Hibernian",
    "schalke_04": "Schalke 04",
    "borussia_dortmund": "Borussia Dortmund",
    "cardiff_city": "Cardiff City",
    "leeds_united": "Leeds United",
    "newport_county": "Newport County",
    "feyenoord": "Feyenoord",
    "colchester_united": "Colchester United",
    "lorient": "Lorient",
    "walsall": "Walsall",
    "brighton__hove_albion": "Brighton",
    "olympique_lyonnais": "Lyon",
    "afc_eskilstuna": "AFC Eskilstuna",
    "antalyaspor": "Antalyaspor",
    "werder_bremen": "Werder Bremen",
    "fc_barcelona": "Barcelona",
    "fc_kobenhavn": "København",
    "silkeborg_if": "Silkeborg IF",
    "crewe_alexandra": "Crewe Alexandra",
    "fenerbahce": "Fenerbahçe",
    "crotone": "Crotone",
    "fc_augsburg": "FC Augsburg",
    "york_city": "York City",
    "real_oviedo": "Real Oviedo",
    "vitesse": "Vitesse",
    "chievoverona": "ChievoVerona",
    "notts_county": "Notts County",
    "preston_north_end": "Preston North End",
    "ebbsfleet_united": "Ebbsfleet United",
    "scunthorpe_united": "Scunthorpe United",
    "genoa": "Genoa",
    "granada": "Granada",
    "getafe": "Getafe",
    "atletico_baleares": "Atlético Baleares",
    "saint_etienne": "Saint-Étienne",
    "fiorentina": "Fiorentina",
    "plymouth_argyle": "Plymouth Argyle",
    "milan": "Milan",
    "southend_united": "Southend United",
    "luton_town": "Luton Town",
    "ipswich_town": "Ipswich Town",
    "coventry_city": "Coventry City",
    "bristol_city": "Bristol City",
    "bury": "Bury",
    "malaga": "Málaga",
    "salford_city": "Salford City",
    "truro_city": "Truro City",
    "lechia_gdansk": "Lechia Gdańsk",
    "bradford_city": "Bradford City",
    "rotherham_united": "Rotherham United",
    "whitehawk": "Whitehawk",
    "burton_albion": "Burton Albion",
    "shrewsbury_town": "Shrewsbury Town",
    "st_albans_city": "St Albans City",
    "tamworth": "Tamworth",
    "kingstonian": "Kingstonian",
    "warta_poznan": "Warta Poznań",
    "extremadura_ud": "Extremadura UD",
    "sudtirol": "Südtirol",
    "forest_green_rovers": "Forest Green Rovers",
    "kilmarnock": "Kilmarnock",
    "bamber_bridge": "Bamber Bridge",
    "wycombe_wanderers": "Wycombe Wanderers",
    "boston_united": "Boston United",
    "exeter_city": "Exeter City",
    "needham_market": "Needham Market",
    "gosport_borough": "Gosport Borough",
    "spennymoor_town": "Spennymoor Town",
    "grays_athletic": "Grays Athletic",
    "aldershot_town": "Aldershot Town",
    "worcester_city": "Worcester City",
    "grimsby_town": "Grimsby Town",
    "tranmere_rovers": "Tranmere Rovers",
    "north_ferriby_united": "North Ferriby United",
    "crawley_town": "Crawley Town",
    "eastleigh": "Eastleigh",
    "horsens": "Horsens",
    "valencia": "Valencia",
    "oldham_athletic": "Oldham Athletic",
    "bishops_stortford": "Bishop's Stortford",
    "weston_super_mare": "Weston-super-Mare",
    "northampton_town": "Northampton Town",
    "mansfield_town": "Mansfield Town",
    "macclesfield_town": "Macclesfield Town",
    "guiseley": "Guiseley",
    "welling_united": "Welling United",
    "bristol_rovers": "Bristol Rovers",
    "girona": "Girona",
    "cambridge_united": "Cambridge United",
    "doncaster_rovers": "Doncaster Rovers",
    "brentford": "Brentford",
    "havant_waterlooville": "Havant & Waterlooville",
    "rochdale": "Rochdale",
    "miedz_legnica": "Miedź Legnica",
    "gornik_leczna": "Górnik Łęczna",
    "ross_county": "Ross County",
    "southport": "Southport",
    "chesterfield": "Chesterfield",
    "stockport_county": "Stockport County",
    "burgess_hill_town": "Burgess Hill Town",
    "huddersfield_town": "Huddersfield Town",
    "wealdstone": "Wealdstone",
    "peterborough_united": "Peterborough United",
    "maidstone_united": "Maidstone United",
    "livingston": "Livingston",
    "barwell": "Barwell",
    "yeovil_town": "Yeovil Town",
    "hungerford_town": "Hungerford Town",
    "inverness_ct": "Inverness CT",
    "brest": "Brest",
    "venezia": "Venezia",
    "como": "Como",
    "denizlispor": "Denizlispor",
    "haugesund": "Haugesund",
    "lens": "Lens",
    "aberdeen": "Aberdeen",
    "huesca": "Huesca",
    "rb_leipzig": "RB Leipzig",
    "united_of_manchester": "United of Manchester",
    "bradford_park_avenue": "Bradford Park Avenue",
    "stamford": "Stamford",
    "dundee_united": "Dundee United",
    "wrexham": "Wrexham",
    "dundee": "Dundee",
    "swindon_town": "Swindon Town",
    "genclerbirligi": "Gençlerbirliği",
    "dunfermline_athletic": "Dunfermline Athletic",
    "toulouse": "Toulouse",
    "molde": "Molde",
    "brondby_if": "Brøndby IF",
    "leyton_orient": "Leyton Orient",
    "bromley": "Bromley",
    "oxford_united": "Oxford United",
    "afc_wimbledon": "AFC Wimbledon",
    "lech_poznan": "Lech Poznań",
    "lincoln_city": "Lincoln City",
    "gillingham": "Gillingham",
    "sutton_united": "Sutton United",
    "motherwell": "Motherwell",
    "hartlepool_united": "Hartlepool United",
    "leiston": "Leiston",
    "stromsgodset": "Strømsgodset",
    "hearts": "Hearts",
    "fleetwood_town": "Fleetwood Town",
    "barnet": "Barnet",
    "dulwich_hamlet": "Dulwich Hamlet",
    "viking": "Viking",
    "maidenhead_united": "Maidenhead United",
    "gateshead": "Gateshead",
    "antwerp": "Antwerp",
    "carlisle_united": "Carlisle United",
    "wisla_krakow": "Wisła Kraków",
    "east_thurrock_united": "East Thurrock United",
    "ud_logrones": "UD Logroñés",
    "bath_city": "Bath City",
    "hamilton_academical": "Hamilton Academical",
    "partick_thistle": "Partick Thistle",
    "club_brugge": "Club Brugge",
    "milton_keynes_dons": "Milton Keynes Dons",
    "fylde": "Fylde",
    "sporting_gijon": "Sporting Gijón",
    "spezia": "Spezia",
    "udinese": "Udinese",
    "alanyaspor": "Alanyaspor",
    "port_vale": "Port Vale",
    "legia_warszawa": "Legia Warszawa",
    "cheltenham_town": "Cheltenham Town",
    "st_pauli": "St. Pauli",
    "malmo_ff": "Malmö FF",
    "malm_ff": "Malmö FF",
    "sint_truiden": "Sint-Truiden",
    "reus_deportiu": "Reus Deportiu",
    "westerlo": "Westerlo",
    "real_valladolid": "Real Valladolid",
    "st_gallen": "St. Gallen",
    "gil_vicente": "Gil Vicente",
    "sivasspor": "Sivasspor",
    "eintracht_frankfurt": "Eintracht Frankfurt",
    "greenwich_borough": "Greenwich Borough",
    "margate": "Margate",
    "gainsborough_trinity": "Gainsborough Trinity",
    "stourbridge": "Stourbridge",
    "dagenham_redbridge": "Dagenham & Redbridge",
    "rayo_vallecano": "Rayo Vallecano",
    "barrow": "Barrow",
    "harrogate_town": "Harrogate Town",
    "chester": "Chester",
    "zurich": "Zürich",
    "sonderjyske_fodbold": "Sønderjyske Fodbold",
    "ufa": "Ufa",
    "aalesund": "Aalesund",
    "spal": "SPAL",
    "accrington_stanley": "Accrington Stanley",
    "empoli": "Empoli",
    "parma": "Parma",
    "slough_town": "Slough Town",
    "woking": "Woking",
    "hemel_hempstead_town": "Hemel Hempstead Town",
    "mickleover_sports": "Mickleover Sports",
    "leamington": "Leamington",
    "stevenage": "Stevenage",
    "mjallby": "Mjällby",
    "nuneaton_town": "Nuneaton Town",
    "eskisehirspor": "Eskişehirspor",
    "belenenses": "Belenenses",
    "deportivo_la_coruna": "Deportivo La Coruña",
    "bastia": "Bastia",
    "kalmar": "Kalmar",
    "djurgarden": "Djurgården",
    "bari_1908": "Bari 1908",
    "nice": "Nice",
    "krylya_sovetov": "Krylya Sovetov",
    "osasuna": "Osasuna",
    "dover_athletic": "Dover Athletic",
    "sion": "Sion",
    "basel": "Basel",
    "darmstadt_98": "Darmstadt 98",
    "stabak": "Stabæk",
    "real_betis": "Real Betis",
    "lokomotiv_moskva": "Lokomotiv Moskva",
    "nec_nijmegen": "NEC Nijmegen",
    "st_mirren": "St. Mirren",
    "blyth_spartans": "Blyth Spartans",
    "neuchatel_xamax": "Neuchâtel Xamax",
    "valerenga": "Vålerenga",
    "fc_bayern_munchen": "FC Bayern München",
    "fc_bayern_mnchen": "FC Bayern München",
    "vfl_wolfsburg": "Wolfsburg",
    "sampdoria": "Sampdoria",
    "ajaccio": "Ajaccio",
    "espanyol": "Espanyol",
    "hednesford_town": "Hednesford Town",
    "ifk_goteborg": "IFK Göteborg",
    "helsingborg": "Helsingborg",
    "cska_moskva": "CSKA Moskva",
    "landskrona": "Landskrona",
    "besiktas": "Beşiktaş",
    "dynamo_kyiv": "Dynamo Kyiv",
    "benevento": "Benevento",
    "corby_town": "Corby Town",
    "ingolstadt": "Ingolstadt",
    "hansa_rostock": "Hansa Rostock",
    "montpellier": "Montpellier",
    "cagliari": "Cagliari",
    "paris_saint_germain": "Paris Saint Germain",
    "fc_twente": "FC Twente",
    "real_sociedad": "Real Sociedad",
    "napoli": "Napoli",
    "rennes": "Rennes",
    "eastbourne_borough": "Eastbourne Borough",
    "benfica": "Benfica",
    "torino": "Torino",
    "sandefjord": "Sandefjord",
    "almeria": "Almería",
    "shakhtar_donetsk": "Shakhtar Donetsk",
    "juventus": "Juventus",
    "ajax": "Ajax",
    "nac_breda": "NAC Breda",
    "kayserispor": "Kayserispor",
    "mallorca": "Mallorca",
    "young_boys": "Young Boys",
    "halifax_town": "Halifax Town",
    "porto": "Porto",
    "vicenza": "Vicenza",
    "lokeren": "Lokeren",
    "go_ahead_eagles": "Go Ahead Eagles",
    "willem_ii": "Willem II",
    "dinamo_zagreb": "Dinamo Zagreb",
    "sevilla": "Sevilla",
    "psv": "PSV",
    "borussia_mnchengladbach": "Borussia Mönchengladbach",
    "strasbourg": "Strasbourg",
    "trabzonspor": "Trabzonspor",
    "losc_lille": "Lille",
    "osmanlispor": "Osmanlıspor",
    "standard_liege": "Standard Liège",
    "gazelec_ajaccio": "Gazélec Ajaccio",
    "atalanta": "Atalanta",
    "darlington_1883": "Darlington 1883",
    "halmstad": "Halmstad",
    "lewes": "Lewes",
    "chelmsford_city": "Chelmsford City",
    "perugia": "Perugia",
    "hampton_richmond": "Hampton & Richmond",
    "cd_calahorra": "CD Calahorra",
    "fc_utrecht": "FC Utrecht",
    "sabadell": "Sabadell",
    "oxford_city": "Oxford City",
    "prat": "Prat",
    "morecambe": "Morecambe",
    "angers_sco": "Angers SCO",
    "alfreton_town": "Alfreton Town",
    "royston_town": "Royston Town",
    "harrow_borough": "Harrow Borough",
    "tonbridge_angels": "Tonbridge Angels",
    "fsv_mainz_05": "FSV Mainz 05",
    "hyde_united": "Hyde United",
    "pogon_szczecin": "Pogoń Szczecin",
    "beira_mar": "Beira-Mar",
    "rkc_waalwijk": "RKC Waalwijk",
    "fc_dordrecht": "FC Dordrecht",
    "vitoria_sc": "Vitória SC",
    "kidderminster_harriers": "Kidderminster Harriers",
    "amiens_sc": "Amiens SC",
    "marine": "Marine",
    "leganes": "Leganés",
    "evesham_united": "Evesham United",
    "hendon": "Hendon",
    "afc_telford_united": "AFC Telford United",
    "kristiansund": "Kristiansund",
    "merthyr_town": "Merthyr Town",
    "brackley_town": "Brackley Town",
    "dunstable_town": "Dunstable Town",
    "sporting_braga": "Sporting Braga",
    "jagiellonia_bialystok": "Jagiellonia Białystok",
    "shaw_lane": "Shaw Lane",
    "hajduk_split": "Hajduk Split",
    "farnborough": "Farnborough",
    "skelmersdale_united": "Skelmersdale United",
    "frickley_athletic": "Frickley Athletic",
    "sparta_rotterdam": "Sparta Rotterdam",
    "olhanense": "Olhanense",
    "brigg_town": "Brigg Town",
    "odd": "Odd",
    "cordoba": "Córdoba",
    "umraniyespor": "Ümraniyespor",
    "fc_midtjylland": "FC Midtjylland",
    "vauxhall_motors": "Vauxhall Motors",
    "numancia": "Numancia",
    "braintree_town": "Braintree Town",
    "pistoiese": "Pistoiese",
    "nurnberg": "Nürnberg",
    "boavista": "Boavista",
    "bury_town": "Bury Town",
    "matlock_town": "Matlock Town",
    "chorley": "Chorley",
    "gloucester_city": "Gloucester City",
    "chaves": "Chaves",
    "lowestoft_town": "Lowestoft Town",
    "ranheim": "Ranheim",
    "boreham_wood": "Boreham Wood",
    "vfl_bochum_1848": "VfL Bochum 1848",
    "modena": "Modena",
    "ascoli": "Ascoli",
    "bishop_auckland": "Bishop Auckland",
    "tenerife": "Tenerife",
    "pec_zwolle": "PEC Zwolle",
    "aalborg_bk": "Aalborg BK",
    "reims": "Reims",
    "solihull_moors": "Solihull Moors",
    "adana_demirspor": "Adana Demirspor",
    "rizespor": "Rizespor",
    "dartford": "Dartford",
    "guijuelo": "Guijuelo",
    "sc_heerenveen": "SC Heerenveen",
    "le_havre": "Le Havre",
    "south_park": "South Park",
    "sutton_coldfield_town": "Sutton Coldfield Town",
    "alcorcon": "Alcorcón",
    "daventry_town": "Daventry Town",
    "cracovia_krakow": "Cracovia Kraków",
    "kasimpasa": "Kasımpaşa",
    "pisa": "Pisa",
    "de_graafschap": "De Graafschap",
    "fc_union_berlin": "Union Berlin",
    "moreirense": "Moreirense",
    "sporting_charleroi": "Sporting Charleroi",
    "fortuna_dusseldorf": "Fortuna Düsseldorf",
    "elche": "Elche",
    "altrincham": "Altrincham",
    "west_auckland_town": "West Auckland Town",
    "zulte_waregem": "Zulte-Waregem",
    "pacos_de_ferreira": "Paços de Ferreira",
    "hellas_verona": "Hellas Verona",
    "ado_den_haag": "ADO Den Haag",
    "kv_kortrijk": "KV Kortrijk",
    "staines_town": "Staines Town",
    "rushall_olympic": "Rushall Olympic",
    "hucknall_town": "Hucknall Town",
    "hereford_united": "Hereford United",
    "cinderford_town": "Cinderford Town",
    "shildon_afc": "Shildon AFC",
    "thurrock": "Thurrock",
    "afc_hornchurch": "AFC Hornchurch",
    "cray_wanderers": "Cray Wanderers",
    "hinckley_united": "Hinckley United",
    "worksop_town": "Worksop Town",
    "whitby_town": "Whitby Town",
    "guisborough_town": "Guisborough Town",
    "harlow_town": "Harlow Town",
    "grenoble_foot_38": "Grenoble Foot 38",
    "darlington": "Darlington",
    "northwich_victoria": "Northwich Victoria",
    "halesowen_town": "Halesowen Town",
    "metropolitan_police_fc": "Metropolitan Police FC",
    "billericay_town": "Billericay Town",
    "oadby_town": "Oadby Town",
    "estoril": "Estoril",
    "afc_rushden_diamonds": "AFC Rushden & Diamonds",
    "stalybridge_celtic": "Stalybridge Celtic",
    "kettering_town": "Kettering Town",
    "consett_afc": "Consett AFC",
    "hayes_yeading_united": "Hayes & Yeading United",
    "palermo": "Palermo",
    "chippenham_town": "Chippenham Town",
    "westfields": "Westfields",
    "elfsborg": "Elfsborg",
    "arka_gdynia": "Arka Gdynia",
    "basingstoke_town": "Basingstoke Town",
    "cesena": "Cesena",
    "arlesey_town": "Arlesey Town",
    "buxton": "Buxton",
    "colwyn_bay": "Colwyn Bay",
    "north_leigh": "North Leigh",
    "nantwich_town": "Nantwich Town",
    "zaglebie_lubin": "Zagłębie Lubin",
    "leek_town": "Leek Town",
    "sk_beveren": "SK Beveren",
    "brentwood_town": "Brentwood Town",
    "salisbury_city": "Salisbury City",
    "curzon_ashton": "Curzon Ashton",
    "weymouth": "Weymouth",
    "dalkurd": "Dalkurd",
    "dorchester_town": "Dorchester Town",
    "concord_rangers": "Concord Rangers",
    "redditch_united": "Redditch United",
    "farsley_celtic": "Farsley Celtic",
    "poole_town": "Poole Town",
    "hitchin_town": "Hitchin Town",
    "rosenborg": "Rosenborg",
    "sheffield": "Sheffield",
    "orebro": "Örebro",
    "pescara": "Pescara",
    "celtic_nation": "Celtic Nation",
    "folkestone_invicta": "Folkestone Invicta",
    "arenas_de_getxo": "Arenas de Getxo",
    "uniao_madeira": "União Madeira",
    "bognor_regis_town": "Bognor Regis Town",
    "lierse": "Lierse",
    "workington": "Workington",
    "assyriska": "Assyriska",
    "caen": "Caen",
    "acr_messina": "ACR Messina",
    "heracles_almelo": "Heracles Almelo",
    "jonkopings_sodra": "Jönköpings Södra",
    "bashley": "Bashley",
    "kendal_town": "Kendal Town",
    "lincoln_united": "Lincoln United",
    "almere_city": "Almere City",
    "sc_cambuur": "SC Cambuur",
    "mjondalen": "Mjøndalen",
    "fortuna_sittard": "Fortuna Sittard",
    "boulogne": "Boulogne",
    "rushden_diamonds": "Rushden & Diamonds",
    "chester_city": "Chester City",
    "cheshunt": "Cheshunt",
    "stafford_rangers": "Stafford Rangers",
    "chasetown": "Chasetown",
    "kidsgrove_athletic": "Kidsgrove Athletic",
    "market_drayton_town": "Market Drayton Town",
    "potters_bar_town": "Potters Bar Town",
    "afc_sudbury": "AFC Sudbury",
    "ilkeston": "Ilkeston",
    "wingate_finchley": "Wingate & Finchley",
    "ashton_united": "Ashton United",
    "droylsden": "Droylsden",
    "chesham_united": "Chesham United",
    "ashington_afc": "Ashington AFC",
    "cirencester_town": "Cirencester Town",
    "telstar": "Telstar",
    "eastwood_town": "Eastwood Town",
    "gresley": "Gresley",
    "goole": "Goole",
    "tiverton_town": "Tiverton Town",
    "frome_town": "Frome Town",
    "ostersunds_fk": "Östersunds FK",
    "kings_lynn_town": "King's Lynn Town",
    "leioa": "Leioa",
    "canvey_island": "Canvey Island",
    "egham_town": "Egham Town",
    "witton_albion": "Witton Albion",
    "monza": "Monza",
    "bedford_town": "Bedford Town",
    "padiham": "Padiham",
    "kaiserslautern": "Kaiserslautern",
    "mossley": "Mossley",
    "excelsior": "Excelsior",
    "portimonense": "Portimonense",
    "cambridge_city": "Cambridge City",
    "bodo_glimt": "Bodø / Glimt",
    "thamesmead_town": "Thamesmead Town",
    "rfc_seraing": "RFC Seraing",
    "syrianska": "Syrianska",
    "grantham_town": "Grantham Town",
    "scarborough": "Scarborough",
    "histon": "Histon",
    "burscough": "Burscough",
    "worthing": "Worthing",
    "hobro": "Hobro",
    "afc_totton": "AFC Totton",
    "swindon_supermarine": "Swindon Supermarine",
    "warrington_town": "Warrington Town",
    "enfield_town": "Enfield Town",
    "hastings_united": "Hastings United",
    "carshalton_athletic": "Carshalton Athletic",
    "virtus_francavilla": "Virtus Francavilla",
    "fredrikstad": "Fredrikstad",
    "ossett_albion": "Ossett Albion",
    "burnham": "Burnham",
    "hamworthy_united_fc": "Hamworthy United FC",
    "peacehaven_telscombe": "Peacehaven & Telscombe",
    "eastbourne_town": "Eastbourne Town",
    "rugby_town": "Rugby Town",
    "scarborough_athletic": "Scarborough Athletic",
    "ashford_town_middlesex": "Ashford Town (Middlesex)",
    "biggleswade_town": "Biggleswade Town",
    "gais": "GAIS",
    "redbridge": "Redbridge",
    "handsworth_parramore": "Handsworth Parramore",
    "ramsgate": "Ramsgate",
    "ob": "OB",
    "ramsbottom_united": "Ramsbottom United",
    "sandecja_nowy_sacz": "Sandecja Nowy Sącz",
    "beaconsfield_town": "Beaconsfield Town",
    "chatham_town": "Chatham Town",
    "sanluqueno": "Sanluqueño",
    "coalville_town": "Coalville Town",
    "ontinyent": "Ontinyent",
    "caudal": "Caudal",
    "corinthian_casuals": "Corinthian-Casuals",
    "dunston": "Dunston",
    "sochaux": "Sochaux",
    "merstham": "Merstham",
    "ljungskile": "Ljungskile",
    "hereford": "Hereford",
    "heybridge_swifts": "Heybridge Swifts",
    "orgryte": "Örgryte",
    "puerta_bonita": "Puerta Bonita",
    "recreativo_huelva": "Recreativo Huelva",
    "eldense": "Eldense",
    "hythe_town": "Hythe Town",
    "leigh_genesis": "Leigh Genesis",
    "lancaster_city": "Lancaster City",
    "fisher_athletic": "Fisher Athletic",
    "bedlington_terriers_fc": "Bedlington Terriers FC",
    "stocksbridge_park_steels": "Stocksbridge Park Steels",
    "bedworth_united": "Bedworth United",
    "romulus": "Romulus",
    "taunton_town": "Taunton Town",
    "bacup_borough_fc": "Bacup Borough FC",
    "newcastle_benfield_fc": "Newcastle Benfield FC",
    "tipton_town": "Tipton Town",
    "ossett_town": "Ossett Town",
    "woodley_sports": "Woodley Sports",
    "prescot_cables": "Prescot Cables",
    "shortwood_united": "Shortwood United",
    "st_neots_town": "St Neots Town",
    "uxbridge": "Uxbridge",
    "oh_leuven": "OH Leuven",
    "didcot_town": "Didcot Town",
    "tilbury": "Tilbury",
    "willand_rovers": "Willand Rovers",
    "aveley": "Aveley",
    "erith_belvedere": "Erith & Belvedere",
    "ware": "Ware",
    "spalding_united": "Spalding United",
    "servette": "Servette",
    "maldon_tiptree": "Maldon & Tiptree",
    "wisbech_town": "Wisbech Town",
    "brighouse_town": "Brighouse Town",
    "trafford": "Trafford",
    "willenhall_town": "Willenhall Town",
    "shepshed_dynamo": "Shepshed Dynamo",
    "deeping_rangers": "Deeping Rangers",
    "peterborough_northern_star": "Peterborough Northern Star",
    "clitheroe": "Clitheroe",
    "banbury_united": "Banbury United",
    "paulton_rovers": "Paulton Rovers",
    "godalming_town": "Godalming Town",
    "radcliffe_borough": "Radcliffe Borough",
    "marske_united": "Marske United",
    "hartley_wintney": "Hartley Wintney",
    "gubbio": "Gubbio",
    "salisbury": "Salisbury",
    "ely_city": "Ely City",
    "great_wakering_rovers": "Great Wakering Rovers",
    "sleaford_town_fc": "Sleaford Town FC",
    "slimbridge": "Slimbridge",
    "cleethorpes_town": "Cleethorpes Town",
    "st_ives_town": "St Ives Town",
    "rainworth_miners_welfare": "Rainworth Miners Welfare",
    "norton_united": "Norton United",
    "amorebieta": "Amorebieta",
    "brislington": "Brislington",
    "bridport_fc": "Bridport FC",
    "flackwell_heath_fc": "Flackwell Heath FC",
    "san_fernando_cd": "San Fernando CD",
    "ashford_town_kent": "Ashford Town (Kent)",
    "leatherhead": "Leatherhead",
    "retford_united": "Retford United",
    "durham_city": "Durham City",
    "team_bath": "Team Bath",
    "cammell_laird": "Cammell Laird",
    "glapwell": "Glapwell",
    "andover": "Andover",
    "windsor_eton": "Windsor & Eton",
    "soham_town_rangers": "Soham Town Rangers",
    "northwood": "Northwood",
    "merthyr_tydfil": "Merthyr Tydfil",
    "horsham": "Horsham",
    "yate_town": "Yate Town",
    "thatcham_town": "Thatcham Town",
    "garforth_town": "Garforth Town",
    "newcastle_blue_star": "Newcastle Blue Star",
    "stourport_swifts": "Stourport Swifts",
    "walton_casuals": "Walton Casuals",
    "harrogate_railway": "Harrogate Railway",
    "quorn": "Quorn",
    "carlton_town": "Carlton Town",
    "walton_hersham": "Walton & Hersham",
    "whitstable_town": "Whitstable Town",
    "crowborough_athletic": "Crowborough Athletic",
    "afc_croydon_athletic": "AFC Croydon Athletic",
    "afc_hayes": "AFC Hayes",
    "witham_town": "Witham Town",
    "leighton_town": "Leighton Town",
    "tooting_mitcham_united": "Tooting & Mitcham United",
    "mangotsfield_united": "Mangotsfield United",
    "bishops_cleeve": "Bishop's Cleeve",
    "clevedon_town": "Clevedon Town",
    "winchester_city": "Winchester City",
    "bracknell_town": "Bracknell Town",
    "marlow": "Marlow",
    "aylesbury_united": "Aylesbury United",
    "abingdon_united": "Abingdon United",
    "fleet_town": "Fleet Town",
    "sittingbourne": "Sittingbourne",
    "waltham_abbey": "Waltham Abbey",
    "rothwell_town": "Rothwell Town",
    "bridgwater_town": "Bridgwater Town",
    "malvern_town": "Malvern Town",
    "hillingdon_borough": "Hillingdon Borough",
    "woodford_united": "Woodford United",
    "leyton": "Leyton",
    "barton_rovers": "Barton Rovers",
    "chipstead": "Chipstead",
    "whyteleafe": "Whyteleafe",
    "waltham_forest": "Waltham Forest",
    "ilford": "Ilford",
    "atherstone_town": "Atherstone Town",
    "belper_town": "Belper Town",
    "wakefield": "Wakefield",
    "loughborough_dynamo": "Loughborough Dynamo",
    "rossendale_united": "Rossendale United",
    "vcd_athletic": "VCD Athletic",
    "biggleswade_united_fc": "Biggleswade United FC",
    "sholing": "Sholing",
    "romford": "Romford",
    "moneyfields": "Moneyfields",
    "three_bridges": "Three Bridges",
    "north_greenford_united": "North Greenford United",
    "bideford": "Bideford",
    "guernsey": "Guernsey",
    "crawley_down_gatwick": "Crawley Down Gatwick",
    "aylesbury": "Aylesbury",
    "wroxham": "Wroxham",
    "herne_bay": "Herne Bay",
    "burnham_ramblers": "Burnham Ramblers",
    "dereham_town": "Dereham Town",
    "chertsey_town": "Chertsey Town",
    "chalfont_st_peter": "Chalfont St Peter",
    "stratford_town": "Stratford Town",
    "new_mills": "New Mills",
    "newcastle_town": "Newcastle Town",
    "redhill": "Redhill",
    "guildford_city": "Guildford City",
    "wimborne_town": "Wimborne Town",
    "barkingside": "Barkingside",
    "faversham_town": "Faversham Town",
    "almondsbury_town": "Almondsbury Town",
    "horsham_ymca": "Horsham YMCA",
    "molesey": "Molesey",
    "haringey_borough": "Haringey Borough",
    "basford_united": "Basford United",
    "phoenix_sports": "Phoenix Sports",
    "farsley_celtic_fc": "Farsley Celtic FC",
    "east_grinstead_town": "East Grinstead Town",
    "kings_langley": "Kings Langley",
    "larkhall_athletic": "Larkhall Athletic",
    "glossop_north_end": "Glossop North End",
    "brightlingsea_regent": "Brightlingsea Regent",
    "tividale": "Tividale",
    "hanwell_town": "Hanwell Town",
    "wantage_town": "Wantage Town",
    "petersfield_town": "Petersfield Town",
    "berkhamsted_town": "Berkhamsted Town",
    "wivenhoe_town": "Wivenhoe Town",
    "edgware_town": "Edgware Town",
    "afc_kempston_rovers": "AFC Kempston Rovers",
    "kidlington": "Kidlington",
    "afc_dunstable": "AFC Dunstable",
    "bridlington_town": "Bridlington Town",
    "colne": "Colne",
    "tadcaster_albion": "Tadcaster Albion",
    "alsager_town": "Alsager Town",
    "barnstaple_town": "Barnstaple Town",
    "bowers_pitsea": "Bowers & Pitsea",
    "norwich_united": "Norwich United",
    "roda_jc_kerkrade": "Roda JC Kerkrade",
    "fc_groningen": "FC Groningen",
    "rbc": "RBC",
    "hammarby": "Hammarby",
    "randers_fc": "Randers FC",
    "lausanne_sport": "Lausanne Sport",
    "vvv_venlo": "VVV-Venlo",
    "nordsjaelland": "Nordsjælland",
    "fc_volendam": "FC Volendam",
    "gent": "Gent",
    "kas_eupen": "KAS Eupen",
    "k_beerschot_va": "K. Beerschot V.A.",
    "viborg_ff": "Viborg FF",
    "volga": "Volga",
    "kv_oostende": "KV Oostende",
    "dinamo_moskva": "Dinamo Moskva",
    "jerv": "Jerv",
    "brann": "Brann",
    "fc_emmen": "FC Emmen",
    "piast_gliwice": "Piast Gliwice",
    "mersin_idman_yurdu": "Mersin İdman yurdu",
    "slaven_koprivnica": "Slaven Koprivnica",
    "lillestrom": "Lillestrøm",
    "nieciecza": "Nieciecza",
    "orduspor": "Orduspor",
    "stal_kamianske": "Stal Kamianske",
    "bursaspor": "Bursaspor",
    "atvidaberg": "Åtvidaberg",
    "hacken": "Häcken",
    "hannover_96": "Hannover 96",
    "anderlecht": "Anderlecht",
    "ruch_chorzow": "Ruch Chorzów",
    "lhospitalet": "L'Hospitalet",
    "kapfenberger_sv": "Kapfenberger SV",
    "sarpsborg_08": "Sarpsborg 08",
    "aarau": "Aarau",
    "santa_clara": "Santa Clara",
    "ayr_united": "Ayr United",
    "raith_rovers": "Raith Rovers",
    "st_johnstone": "St. Johnstone",
    "falkirk": "Falkirk",
    "esbjerg": "Esbjerg",
    "airdrieonians": "Airdrieonians",
    "queen_of_the_south": "Queen of the South",
    "arbroath": "Arbroath",
    "vestsjaelland": "Vestsjaelland",
    "fc_helsingor": "FC Helsingør",
    "hvidovre": "Hvidovre",
    "queens_park": "Queen's Park",
    "gretna": "Gretna",
    "podbeskidzie": "Podbeskidzie",
    "konyaspor": "Konyaspor",
    "cercle_brugge": "Cercle Brugge",
    "paderborn": "Paderborn",
    "krasnodar": "Krasnodar",
    "lyngby_boldklub": "Lyngby Boldklub",
    "amkar_perm": "Amkar Perm'",
    "sirius": "Sirius",
    "ural": "Ural",
    "mons": "Mons",
    "vendsyssel": "Vendsyssel",
    "hamburger_sv": "Hamburger SV",
    "genk": "Genk",
    "spartak_moskva": "Spartak Moskva",
    "sassuolo": "Sassuolo",
    "boiro": "Boiro",
    "tsg_hoffenheim": "Hoffenheim",
    "start": "Start",
    "dender": "Dender",
    "sv_roeselare": "SV Roeselare",
    "degerfors": "Degerfors",
    "gaziantepspor": "Gaziantepspor",
    "katowice": "Katowice",
    "fano": "Fano",
    "wisla_plock": "Wisła Płock",
    "akhisar_belediyespor": "Akhisar Belediyespor",
    "samsunspor": "Samsunspor",
    "royal_excel_mouscron": "Royal Excel Mouscron",
    "aik": "AIK",
    "wacker_innsbruck": "Wacker Innsbruck",
    "heidenheim": "Heidenheim",
    "st_polten": "St. Pölten",
    "grasshopper": "Grasshopper",
    "oster": "Öster",
    "reggiana": "Reggiana",
    "agf": "AGF",
    "guingamp": "Guingamp",
    "las_palmas": "Las Palmas",
    "novara": "Novara",
    "dsc_arminia_bielefeld": "DSC Arminia Bielefeld",
    "inter": "Inter",
    "fredericia": "Fredericia",
    "llagostera_costa_brava": "Llagostera-Costa Brava",
    "mechelen": "Mechelen",
    "trelleborg": "Trelleborg",
    "zenit": "Zenit",
    "deportivo_alaves": "Alavés",
    "istanbulspor": "İstanbulspor",
    "luzern": "Luzern",
    "karlsruher_sc": "Karlsruher SC",
    "manisaspor": "Manisaspor",
    "tubize": "Tubize",
    "marino_de_luanco": "Marino de Luanco",
    "famalicao": "Famalicão",
    "falkenberg": "Falkenberg",
    "albacete": "Albacete",
    "radomiak_radom": "Radomiak Radom",
    "arroyo": "Arroyo",
    "eyupspor": "Eyüpspor",
    "europa": "Europa",
    "korona_kielce": "Korona Kielce",
    "balikesirspor": "Balıkesirspor",
    "rakow_czestochowa": "Raków Częstochowa",
    "santarcangelo": "Santarcangelo",
    "brommapojkarna": "Brommapojkarna",
    "pontedera": "Pontedera",
    "inter_zapresic": "Inter Zaprešić",
    "blau_weiss_linz": "Blau-Weiß Linz",
    "hertha_bsc": "Hertha BSC",
    "msv_duisburg": "MSV Duisburg",
    "vfb_stuttgart": "VfB Stuttgart",
    "fc_koln": "FC Köln",
    "bayer_04_leverkusen": "Bayer 04 Leverkusen",
    "energie_cottbus": "Energie Cottbus",
    "alemannia_aachen": "Alemannia Aachen",
    "sturm_graz": "Sturm Graz",
    "rijeka": "Rijeka",
    "lask_linz": "LASK Linz",
    "spvgg_greuther_furth": "SpVgg Greuther Fürth",
    "orenburg": "Orenburg",
    "levante": "Levante",
    "real_madrid": "Real Madrid",
    "ankaragucu": "Ankaragücü",
    "villarreal": "Villarreal",
    "tondela": "Tondela",
    "split": "Split",
    "metz": "Metz",
    "nancy": "Nancy",
    "winterthur": "Winterthur",
    "sc_freiburg": "Freiburg",
    "bordeaux": "Bordeaux",
    "eintracht_braunschweig": "Eintracht Braunschweig",
    "ried": "Ried",
    "akhmat_grozny": "Akhmat Grozny",
    "austria_lustenau": "Austria Lustenau",
    "norrkping": "Norrköping",
    "holstein_kiel": "Holstein Kiel",
    "karabukspor": "Karabükspor",
    "admira": "Admira",
    "austria_wien": "Austria Wien",
    "oleksandria": "Oleksandria",
    "sk_rapid": "SK Rapid",
    "auxerre": "Auxerre",
    "acn_siena_1904": "ACN Siena 1904",
    "istanbul_basaksehir": "İstanbul Başakşehir",
    "vitoria_fc": "Vitória FC",
    "sevastopol": "Sevastopol",
    "gornik_zabrze": "Górnik Zabrze",
    "wolfsberger_ac": "Wolfsberger AC",
    "zadar": "Zadar",
    "mordovia_saransk": "Mordovia Saransk",
    "triestina": "Triestina",
    "goztepe": "Göztepe",
    "hacettepe": "Hacettepe",
    "grosseto": "Grosseto",
    "hoverla": "Hoverla",
    "rheindorf_altach": "Rheindorf Altach",
    "union_saint_gilloise": "Union Saint-Gilloise",
    "slask_wroclaw": "Śląsk Wrocław",
    "real_zaragoza": "Real Zaragoza",
    "fatih_karagumruk": "Fatih Karagümrük",
    "martina_franca": "Martina Franca",
    "izarra": "Izarra",
    "austria_klagenfurt": "Austria Klagenfurt",
    "frosinone": "Frosinone",
    "fc_schaffhausen": "FC Schaffhausen",
    "wsg_tirol": "WSG Tirol",
    "wiener_neustadt": "Wiener Neustadt",
    "altay": "Altay",
    "arouca": "Arouca",
    "arsenal_tula": "Arsenal Tula",
    "anzhi": "Anzhi",
    "polonia_warszawa": "Polonia Warszawa",
    "gaziantep_fk": "Gaziantep F.K.",
    "elazigspor": "Elazığspor",
    "sibenik": "Šibenik",
    "sakaryaspor": "Sakaryaspor",
    "adanaspor": "Adanaspor",
    "lugano": "Lugano",
    "grodig": "Grödig",
    "kayseri_erciyesspor": "Kayseri Erciyesspor",
    "zaglebie_sosnowiec": "Zagłębie Sosnowiec",
    "istra_1961": "Istra 1961",
    "paris": "Paris",
    "pro_vercelli": "Pro Vercelli",
    "marbella": "Marbella",
    "zagreb": "Zagreb",
    "lucko": "Lučko",
    "lokomotiva_zagreb": "Lokomotiva Zagreb",
    "belchatow": "Bełchatów",
    "veres": "Veres",
    "inhulets": "Inhulets",
    "siracusa": "Siracusa",
    "luch_vladivostok": "Luch Vladivostok",
    "monopoli": "Monopoli",
    "sochi": "Sochi",
    "tosno": "Tosno",
    "shinnik": "Shinnik",
    "uniao_de_leiria": "União de Leiria",
    "yenisey": "Yenisey",
    "grazer_ak": "Grazer AK",
    "austria_karnten": "Austria Karnten",
    "tavriya": "Tavriya",
    "hartberg": "Hartberg",
    "kuban_krasnodar": "Kuban' Krasnodar",
    "zawisza_bydgoszcz": "Zawisza Bydgoszcz",
    "mensajero": "Mensajero",
    "portugalete": "Portugalete",
    "vecindario": "Vecindario",
    "sestao_river": "Sestao River",
    "fuenlabrada": "Fuenlabrada",
    "badalona": "Badalona",
    "maritimo": "Marítimo",
    "akragas": "Akragas",
    "alzira": "Alzira",
    "cibalia": "Cibalia",
    "toledo": "Toledo",
    "olimpic_de_xativa": "Olímpic de Xàtiva",
    "la_roda": "La Roda",
    "sant_andreu": "Sant Andreu",
    "chornomorets": "Chornomorets",
    "baltika": "Baltika",
    "cacereno": "Cacereño",
    "naftovyk_ukrnafta": "Naftovyk-Ukrnafta",
    "poltava": "Poltava",
    "rotor_volgograd": "Rotor Volgograd",
    "zorya_luhansk": "Zorya Luhansk",
    "giresunspor": "Giresunspor",
    "coruxo": "Coruxo",
    "spartak_nalchik": "Spartak Nal'chik",
    "rio_ave": "Rio Ave",
    "kryvbas_kryvyi_rih": "Kryvbas Kryvyi Rih",
    "desna": "Desna",
    "mariupol": "Mariupol",
    "tambov": "Tambov",
    "bellinzona": "Bellinzona",
    "rostov": "Rostov",
    "arsenal_kyiv": "Arsenal Kyiv",
    "karpaty": "Karpaty",
    "obolon_brovar": "Obolon'-Brovar",
    "varnamo": "Värnamo",
    "hercules": "Hércules",
    "metalurh_donetsk": "Metalurh Donetsk",
    "rukh_vynnyky": "Rukh Vynnyky",
    "kolos_kovalivka": "Kolos Kovalivka",
    "excelsior_mouscron": "Excelsior Mouscron",
    "la_louviere": "La Louvière",
    "beveren": "Beveren",
    "rwdm_brussels": "RWDM Brussels",
    "beerschot": "Beerschot",
    "monaco": "Monaco",
    "valenciennes": "Valenciennes",
    "arles": "Arles",
    "cadiz": "Cádiz",
    "dijon": "Dijon",
    "hrvatski_dragovoljac": "Hrvatski Dragovoljac",
    "viterbese": "Viterbese",
    "yeni_malatyaspor": "Yeni Malatyaspor",
    "clermont": "Clermont",
    "sedan": "Sedan",
    "avellino": "Avellino",
    "juve_stabia": "Juve Stabia",
    "hb_koge": "HB Køge",
    "nimes": "Nîmes",
    "mirandes": "Mirandés",
    "penafiel": "Penafiel",
    "ucam_murcia": "UCAM Murcia",
    "lugo": "Lugo",
    "nacional": "Nacional",
    "tom_tomsk": "Tom' Tomsk",
    "kongsvinger": "Kongsvinger",
    "troyes": "Troyes",
    "ternana": "Ternana",
    "matera": "Matera",
    "fc_jumilla": "FC Jumilla",
    "farense": "Farense",
    "stal_mielec": "Stal Mielec",
    "tromso": "Tromsø",
    "arezzo": "Arezzo",
    "tudelano": "Tudelano",
    "real_murcia": "Real Murcia",
    "lucchese": "Lucchese",
    "medimurje_cakovec": "Medimurje Cakovec",
    "vukovar": "Vukovar",
    "rudes": "Rudeš",
    "pro_patria": "Pro Patria",
    "vejle_boldklub": "Vejle Boldklub",
    "catanzaro": "Catanzaro",
    "academica": "Académica",
    "maceratese": "Maceratese",
    "gornal_athletic_fc": "Gornal Athletic FC",
    "yaxley_fc": "Yaxley FC",
    "arundel_fc": "Arundel FC",
    "ellesmere_rangers_fc": "Ellesmere Rangers FC",
    "crook_town_afc": "Crook Town AFC",
    "ryton_fc": "Ryton FC",
    "pickering_town_cfc": "Pickering Town CFC",
    "congleton_town_fc": "Congleton Town FC",
    "bootle_fc": "Bootle FC",
    "flixton_fc": "Flixton FC",
    "atherton_laburnum_rovers": "Atherton Laburnum Rovers",
    "shifnal_town_fc": "Shifnal Town FC",
    "studley_fc": "Studley FC",
    "cornard_united_fc": "Cornard United FC",
    "mildenhall_town_fc": "Mildenhall Town FC",
    "tiptree_united_fc": "Tiptree United FC",
    "fc_clacton": "FC Clacton",
    "oxhey_jets_fc": "Oxhey Jets FC",
    "stotfold_fc": "Stotfold FC",
    "raunds_town_fc": "Raunds Town FC",
    "saffron_walden_town_fc": "Saffron Walden Town FC",
    "epsom_ewell_fc": "Epsom & Ewell FC",
    "downton_fc": "Downton FC",
    "cowes_sports_fc": "Cowes Sports FC",
    "marlow_united_fc": "Marlow United FC",
    "calne_town_fc": "Calne Town FC",
    "fairford_town_fc": "Fairford Town FC",
    "colliers_wood_united_fc": "Colliers Wood United FC",
    "selby_town_fc": "Selby Town FC",
    "coventry_sphinx": "Coventry Sphinx",
    "sporting_khalsa": "Sporting Khalsa",
    "lincoln_moorlands_railway": "Lincoln Moorlands Railway",
    "radcliffe_olympic": "Radcliffe Olympic",
    "norton_stockton_ancients": "Norton & Stockton Ancients",
    "coleshill_town": "Coleshill Town",
    "hamble_assc": "Hamble ASSC",
    "bristol_manor_farm": "Bristol Manor Farm",
    "felixstowe_walton_united": "Felixstowe & Walton United",
    "thame": "Thame",
    "alton_town": "Alton Town",
    "thackley": "Thackley",
    "wednesfield": "Wednesfield",
    "erith_town": "Erith Town",
    "beckenham_town": "Beckenham Town",
    "old_woodstock_town": "Old Woodstock Town",
    "sherborne_town": "Sherborne Town",
    "bethnal_green_united": "Bethnal Green United",
    "bartley_green": "Bartley Green",
    "dunkirk": "Dunkirk",
    "highworth_town": "Highworth Town",
    "wootton_bassett_town": "Wootton Bassett Town",
    "crawley_green": "Crawley Green",
    "northallerton_town": "Northallerton Town",
    "chester_le_street_town": "Chester-le-Street Town",
    "parkgate": "Parkgate",
    "pilkington": "Pilkington",
    "dosthill_colts": "Dosthill Colts",
    "eccleshall": "Eccleshall",
    "bottesford_town": "Bottesford Town",
    "holbrook_sports": "Holbrook Sports",
    "shirebrook_town": "Shirebrook Town",
    "long_buckby": "Long Buckby",
    "desborough_town": "Desborough Town",
    "wellingborough_town": "Wellingborough Town",
    "tring_athletic": "Tring Athletic",
    "colney_heath": "Colney Heath",
    "london_colney": "London Colney",
    "hassocks": "Hassocks",
    "cobham": "Cobham",
    "tunbridge_wells": "Tunbridge Wells",
    "norton_sports": "Norton Sports",
    "binfield": "Binfield",
    "brading_town": "Brading Town",
    "newport_isle_of_wight_fc": "Newport Isle of Wight FC",
    "totton_eling": "Totton & Eling",
    "ringwood_town": "Ringwood Town",
    "torpoint_athletic": "Torpoint Athletic",
    "bodmin_town": "Bodmin Town",
    "hebburn_town": "Hebburn Town",
    "hanworth_villa": "Hanworth Villa",
    "southend_manor": "Southend Manor",
    "barrow_town": "Barrow Town",
    "bournemouth_fc": "Bournemouth FC",
    "staveley_mw": "Staveley MW",
    "runcorn_linnets": "Runcorn Linnets",
    "bridgnorth_town": "Bridgnorth Town",
    "cadbury_heath": "Cadbury Heath",
    "whitchurch_united": "Whitchurch United",
    "wells_city": "Wells City",
    "hatfield_town": "Hatfield Town",
    "thurnby_nirvana": "Thurnby Nirvana",
    "squires_gate": "Squires Gate",
    "armthorpe_welfare": "Armthorpe Welfare",
    "lingfield": "Lingfield",
    "hallen": "Hallen",
    "tavistock": "Tavistock",
    "bishop_sutton": "Bishop Sutton",
    "blackfield_langley": "Blackfield & Langley",
    "brockenhurst": "Brockenhurst",
    "horndean": "Horndean",
    "shoreham": "Shoreham",
    "horley_town": "Horley Town",
    "banstead": "Banstead",
    "wembley": "Wembley",
    "staines_lammas": "Staines Lammas",
    "broxbourne_borough_ve": "Broxbourne Borough V&E",
    "hertford_town": "Hertford Town",
    "stansted": "Stansted",
    "gorleston": "Gorleston",
    "daventry_united": "Daventry United",
    "loughborough_university": "Loughborough University",
    "huntingdon_town": "Huntingdon Town",
    "thrapston_town": "Thrapston Town",
    "stone_dominoes": "Stone Dominoes",
    "afc_wulfrunians": "AFC Wulfrunians",
    "bewdley_town": "Bewdley Town",
    "alvechurch": "Alvechurch",
    "boldmere_st_michaels": "Boldmere St Michaels",
    "rocester": "Rocester",
    "heanor_town": "Heanor Town",
    "arnold_town": "Arnold Town",
    "louth_town": "Louth Town",
    "maine_road": "Maine Road",
    "runcorn_town": "Runcorn Town",
    "penrith_afc": "Penrith AFC",
    "haverhill_rovers": "Haverhill Rovers",
    "wokingham_emmbrook": "Wokingham & Emmbrook",
    "badshot_lea": "Badshot Lea",
    "harefield_united": "Harefield United",
    "abbey_hey": "Abbey Hey",
    "nuneaton_griff": "Nuneaton Griff",
    "buckland_athletic": "Buckland Athletic",
    "gillingham_town": "Gillingham Town",
    "fareham_town": "Fareham Town",
    "pagham": "Pagham",
    "plymouth_parkway": "Plymouth Parkway",
    "wolverhampton_casuals": "Wolverhampton Casuals",
    "blaby_whetstone_athletic": "Blaby & Whetstone Athletic",
    "south_shields": "South Shields",
    "holker_old_boys": "Holker Old Boys",
    "eccleshill_united": "Eccleshill United",
    "atherton_collieries": "Atherton Collieries",
    "maltby_main": "Maltby Main",
    "holbeach_united": "Holbeach United",
    "dudley_town": "Dudley Town",
    "basildon_united": "Basildon United",
    "bugbrooke_st_michaels": "Bugbrooke St Michaels",
    "hadleigh_united": "Hadleigh United",
    "st_margaretsbury": "St Margaretsbury",
    "littlehampton_town": "Littlehampton Town",
    "christchurch": "Christchurch",
    "almondsbury_uwe": "Almondsbury UWE",
    "melksham_town": "Melksham Town",
    "windsor": "Windsor",
    "london_lions": "London Lions",
    "lordswood": "Lordswood",
    "ashton_athletic": "Ashton Athletic",
    "raynes_park_vale": "Raynes Park Vale",
    "continental_star": "Continental Star",
    "sidley_united": "Sidley United",
    "east_cowes_victoria_athletic": "East Cowes Victoria Athletic",
    "ge_hamble": "GE Hamble",
    "lye_town": "Lye Town",
    "alresford_town": "Alresford Town",
    "esh_winning": "Esh Winning",
    "west_allotment_celtic": "West Allotment Celtic",
    "barton_town_old_boys": "Barton Town Old Boys",
    "winsford_united": "Winsford United",
    "afc_liverpool": "AFC Liverpool",
    "irlam": "Irlam",
    "formby": "Formby",
    "borrowash_victoria": "Borrowash Victoria",
    "kirby_muxloe": "Kirby Muxloe",
    "blackstones": "Blackstones",
    "pegasus_juniors": "Pegasus Juniors",
    "godmanchester_rovers": "Godmanchester Rovers",
    "takeley": "Takeley",
    "brantham_athletic": "Brantham Athletic",
    "halstead_town": "Halstead Town",
    "eton_manor": "Eton Manor",
    "whitton_united": "Whitton United",
    "london_apsa": "London APSA",
    "haringey_waltham_development": "Haringey & Waltham Development",
    "cockfosters": "Cockfosters",
    "abingdon_town": "Abingdon Town",
    "camberley_town": "Camberley Town",
    "ardley_united": "Ardley United",
    "cove": "Cove",
    "ringmer": "Ringmer",
    "corinthian": "Corinthian",
    "ashford_united": "Ashford United",
    "rye_united": "Rye United",
    "romsey_town": "Romsey Town",
    "hengrove_athletic": "Hengrove Athletic",
    "odd_down": "Odd Down",
    "chard_town": "Chard Town",
    "birtley_town": "Birtley Town",
    "jarrow_roofing_boldon": "Jarrow Roofing Boldon",
    "billingham_town": "Billingham Town",
    "chadderton": "Chadderton",
    "hemsworth_mw": "Hemsworth MW",
    "heath_hayes": "Heath Hayes",
    "wellington_afc": "Wellington AFC",
    "great_yarmouth_town": "Great Yarmouth Town",
    "kirkley_pakefield": "Kirkley & Pakefield",
    "hadley": "Hadley",
    "shrivenham": "Shrivenham",
    "lancing": "Lancing",
    "east_preston": "East Preston",
    "chessington_hook_united": "Chessington & Hook United",
    "pewsey_vale": "Pewsey Vale",
    "ascot_united": "Ascot United",
    "longwell_green_sports": "Longwell Green Sports",
    "darlington_railway_athletic": "Darlington Railway Athletic",
    "north_shields": "North Shields",
    "sunderland_rca": "Sunderland RCA",
    "newton_aycliffe": "Newton Aycliffe",
    "stockport_sports": "Stockport Sports",
    "brocton": "Brocton",
    "dudley_sports": "Dudley Sports",
    "northampton_spencer": "Northampton Spencer",
    "sawbridgeworth_town": "Sawbridgeworth Town",
    "hoddesdon_town": "Hoddesdon Town",
    "barking": "Barking",
    "witney_town": "Witney Town",
    "fisher": "Fisher",
    "mole_valley_scr": "Mole Valley SCR",
    "pontefract_collieries": "Pontefract Collieries",
    "cheadle_town": "Cheadle Town",
    "causeway_united": "Causeway United",
    "earlswood_town": "Earlswood Town",
    "warlingham": "Warlingham",
    "cogenhoe_united": "Cogenhoe United",
    "sandhurst_town": "Sandhurst Town",
    "langford": "Langford",
    "liversedge": "Liversedge",
    "billingham_synthonia": "Billingham Synthonia",
    "stokesley_sc": "Stokesley SC",
    "washington": "Washington",
    "tow_law_town": "Tow Law Town",
    "glasshoughton_welfare": "Glasshoughton Welfare",
    "morpeth_town": "Morpeth Town",
    "silsden": "Silsden",
    "whitehaven": "Whitehaven",
    "daisy_hill": "Daisy Hill",
    "afc_blackpool": "AFC Blackpool",
    "dinnington_town": "Dinnington Town",
    "hallam": "Hallam",
    "rossington_main": "Rossington Main",
    "st_helens_town": "St Helens Town",
    "wigan_robin_park": "Wigan Robin Park",
    "hall_road_rangers": "Hall Road Rangers",
    "nostell_mw": "Nostell MW",
    "bardon_hill_sports": "Bardon Hill Sports",
    "anstey_nomads": "Anstey Nomads",
    "st_andrews": "St Andrews",
    "holwell_sports": "Holwell Sports",
    "teversal": "Teversal",
    "bloxwich_united": "Bloxwich United",
    "shawbury_united": "Shawbury United",
    "thetford_town": "Thetford Town",
    "rothwell_corinthians": "Rothwell Corinthians",
    "wellingborough_whitworths": "Wellingborough Whitworths",
    "rushden_higham_united": "Rushden & Higham United",
    "fakenham_town": "Fakenham Town",
    "march_town_united": "March Town United",
    "team_bury": "Team Bury",
    "walsham_le_willows": "Walsham Le Willows",
    "newmarket_town": "Newmarket Town",
    "long_melford": "Long Melford",
    "diss_town": "Diss Town",
    "debenham_lc": "Debenham LC",
    "hullbridge_sports": "Hullbridge Sports",
    "woodbridge_town": "Woodbridge Town",
    "ipswich_wanderers": "Ipswich Wanderers",
    "ampthill_town": "Ampthill Town",
    "wodson_park": "Wodson Park",
    "bedfont_sports": "Bedfont Sports",
    "cranfield_united": "Cranfield United",
    "enfield_1893": "Enfield 1893",
    "clapton": "Clapton",
    "sporting_bengal_united": "Sporting Bengal United",
    "leverstock_green": "Leverstock Green",
    "holyport": "Holyport",
    "reading_town": "Reading Town",
    "holmer_green": "Holmer Green",
    "newbury": "Newbury",
    "banstead_athletic": "Banstead Athletic",
    "sevenoaks_town": "Sevenoaks Town",
    "deal_town": "Deal Town",
    "afc_uckfield": "AFC Uckfield",
    "hailsham_town": "Hailsham Town",
    "holmesdale": "Holmesdale",
    "selsey": "Selsey",
    "westfield": "Westfield",
    "chichester_city": "Chichester City",
    "croydon": "Croydon",
    "bemerton_heath_harlequins": "Bemerton Heath Harlequins",
    "winterbourne_united": "Winterbourne United",
    "fawley": "Fawley",
    "farnham_town": "Farnham Town",
    "verwood_town": "Verwood Town",
    "ash_united": "Ash United",
    "hayling_united": "Hayling United",
    "fleet_spurs": "Fleet Spurs",
    "bradford_town": "Bradford Town",
    "lymington_town": "Lymington Town",
    "new_milton_town": "New Milton Town",
    "afc_portchester": "AFC Portchester",
    "welton_rovers": "Welton Rovers",
    "radstock_town": "Radstock Town",
    "street": "Street",
    "ilfracombe_town": "Ilfracombe Town",
    "saltash_united": "Saltash United",
    "elmore": "Elmore",
    "st_francis_rangers": "St Francis Rangers",
    "afc_emley": "AFC Emley",
    "irchester_united": "Irchester United",
    "corsham_town": "Corsham Town",
    "walsall_wood": "Walsall Wood",
    "albion_sports": "Albion Sports",
    "team_northumbria": "Team Northumbria",
    "highmoor_ibis": "Highmoor Ibis",
    "eastbourne_united": "Eastbourne United",
    "worksop_parramore": "Worksop Parramore",
    "cheltenham_saracens": "Cheltenham Saracens",
    "west_didsbury_chorlton": "West Didsbury & Chorlton",
    "bolehall_swifts": "Bolehall Swifts",
    "swaffham_town": "Swaffham Town",
    "tower_hamlets": "Tower Hamlets",
    "london_tigers": "London Tigers",
    "frimley_green": "Frimley Green",
    "tadley_calleva": "Tadley Calleva",
    "cray_valley_pm": "Cray Valley (PM)",
    "folland_sports": "Folland Sports",
    "st_blazey": "St Blazey",
    "black_country_rangers": "Black Country Rangers",
    "harborough_town": "Harborough Town",
    "shepton_mallet": "Shepton Mallet",
    "codicote": "Codicote",
    "worthing_united": "Worthing United",
    "seaham_red_star": "Seaham Red Star",
    "ashton_town": "Ashton Town",
    "stafford_town": "Stafford Town",
    "graham_st_prims": "Graham St Prims",
    "heather_st_johns": "Heather St Johns",
    "eynesbury_rovers": "Eynesbury Rovers",
    "chinnor": "Chinnor",
    "carterton": "Carterton",
    "epsom_athletic": "Epsom Athletic",
    "team_solent": "Team Solent",
    "oldland_abbotonians": "Oldland Abbotonians",
    "st_austell": "St Austell",
    "canterbury_city": "Canterbury City",
    "ellistown_ibstock_utd": "Ellistown & Ibstock Utd.",
    "clipstone": "Clipstone",
    "haverhill_borough": "Haverhill Borough",
    "welwyn_garden_city": "Welwyn Garden City",
    "bedfont_feltham": "Bedfont & Feltham",
    "milton_united": "Milton United",
    "knaphill": "Knaphill",
    "sileby_rangers": "Sileby Rangers",
    "northwich_1874": "1874 Northwich",
    "bromsgrove_sporting": "Bromsgrove Sporting",
    "whickham": "Whickham",
    "athersley_recreation": "Athersley Recreation",
    "lichfield_city": "Lichfield City",
    "cribbs": "Cribbs",
    "witheridge": "Witheridge",
    "knaresborough_town": "Knaresborough Town",
    "baldock_town": "Baldock Town",
    "stapenhill": "Stapenhill",
    "nelson": "Nelson",
    "rochdale_town": "Rochdale Town",
    "harrowby_united": "Harrowby United",
    "berkhamsted": "Berkhamsted",
    "brimscombe_thrupp": "Brimscombe & Thrupp",
    "woodstock_sports": "Woodstock Sports",
    "haywards_heath_town": "Haywards Heath Town",
    "hythe_dibden": "Hythe & Dibden",
    "hinckley_afc": "Hinckley AFC",
    "hook_norton": "Hook Norton",
    "peterborough_sports": "Peterborough Sports",
    "rochester_united": "Rochester United",
    "tuffley_rovers": "Tuffley Rovers",
    "south_normanton_athletic": "South Normanton Athletic",
    "seven_acre_sidcup": "Seven Acre & Sidcup",
    "afc_bridgnorth": "AFC Bridgnorth",
    "cadbury_athletic": "Cadbury Athletic",
    "hanley_town": "Hanley Town",
    "radford": "Radford",
    "risborough_rangers": "Risborough Rangers",
    "spelthorne_sports": "Spelthorne Sports",
    "bexhill_united": "Bexhill United",
    "heaton_stannington": "Heaton Stannington",
    "wincanton_town": "Wincanton Town",
    "andover_town": "Andover Town",
    "sunderland_ryhope_cw": "Sunderland Ryhope CW",
    "darwen_fc": "Darwen FC",
    "yorkshire_amateur": "Yorkshire Amateur",
    "penistone_church": "Penistone Church",
    "afc_mansfield": "AFC Mansfield",
    "broxbourne_borough": "Broxbourne Borough",
    "london_bari": "London Bari",
    "sun_postal_sports": "Sun Postal Sports",
    "potton_united": "Potton United",
    "glebe": "Glebe",
    "mile_oak": "Mile Oak",
    "loxwood": "Loxwood",
    "wick_barnham_united": "Wick & Barnham United",
    "amesbury_town": "Amesbury Town",
    "united_services": "United Services",
    "ashton_backwell_united": "Ashton & Backwell United",
    "thornaby": "Thornaby",
    "leicester_road": "Leicester Road",
    "ashby_ivanhoe": "Ashby Ivanhoe",
    "sun_sports": "Sun Sports",
    "cb_hounslow_united": "CB Hounslow United",
    "coventry_united": "Coventry United",
    "hollands_blair": "Hollands & Blair",
    "newhaven": "Newhaven",
    "harpenden_town": "Harpenden Town",
    "longlevens": "Longlevens",
    "cheddar": "Cheddar",
    "northampton_on_chenecks": "Northampton ON Chenecks",
    "abbey_rangers": "Abbey Rangers",
    "easington_colliery": "Easington Colliery",
    "barnton": "Barnton",
    "haughmond": "Haughmond",
    "wolves_sporting": "Wolves Sporting",
    "aylestone_park": "Aylestone Park",
    "henley_town": "Henley Town",
    "sporting_club_thamesmead": "Sporting Club Thamesmead",
    "wick": "Wick",
    "bridon_ropes": "Bridon Ropes",
    "oakwood": "Oakwood",
    "southwick": "Southwick",
    "sheppey_united": "Sheppey United",
    "keynsham_town": "Keynsham Town",
    "lydney_town": "Lydney Town",
    "laverstock_ford": "Laverstock & Ford",
    "gravesham_borough": "Gravesham Borough",
    "manfredonia": "Manfredonia",
    "acireale": "Acireale",
    "lodigiani": "Lodigiani",
    "ssc_giugliano": "SSC Giugliano",
    "sangiovannese": "Sangiovannese",
    "valenzana": "Valenzana",
    "cervia": "Cervia",
    "giarre": "Giarre",
    "ivrea": "Ivrea",
    "vastese": "Vastese",
    "sanremo": "Sanremo",
    "ac_sansovino": "AC Sansovino",
    "carpenedolo": "Carpenedolo",
    "real_marcianise": "Real Marcianise",
    "legnano": "Legnano",
    "pergocrema": "Pergocrema",
    "as_castelsardo_calcio": "AS Castelsardo Calcio",
    "mezzocorona": "Mezzocorona",
    "rc_angolana": "RC Angolana",
    "bacoli_sibilla": "Bacoli Sibilla",
    "pd_castellarano": "PD Castellarano",
    "ac_chioggia_sottomarina": "AC Chioggia Sottomarina",
    "as_biellese_1902": "AS Biellese 1902",
    "alzanocene": "AlzanoCene",
    "vico_equense": "Vico Equense",
    "pomigliano": "Pomigliano",
    "guidonia_montecelio": "Guidonia Montecelio",
    "andria_bat": "Andria BAT",
    "pomezia": "Pomezia",
    "gela": "Gela",
    "sansepolcro": "Sansepolcro",
    "gualdo_casacastalda": "Gualdo Casacastalda",
    "pontisola": "Pontisola",
    "sorrento": "Sorrento",
    "termoli_calcio": "Termoli Calcio",
    "sarnese": "Sarnese",
    "voghera": "Voghera",
    "citta_di_marino": "Citta di Marino",
    "santhia": "Santhia",
    "picerno": "Picerno",
    "tamai": "Tamai",
    "rovigo": "Rovigo",
    "baza": "Baza",
    "tenisca": "Tenisca",
    "logrones_cf": "Logrones CF",
    "aguilas_cf": "Águilas CF",
    "rsd_alcala": "RSD Alcalá",
    "villajoyosa": "Villajoyosa",
    "racing_portuense": "Racing Portuense",
    "gimnastica_segoviana": "Gimnástica Segoviana",
    "universidad_las_palmas": "Universidad Las Palmas",
    "linares": "Linares",
    "denia": "Denia",
    "valle_egues": "Valle Egüés",
    "san_isidro": "San Isidro",
    "don_benito": "Don Benito",
    "fuerteventura": "Fuerteventura",
    "alfaro": "Alfaro",
    "ejea": "Ejea",
    "ciudad_de_santiago": "Ciudad de Santiago",
    "gimnastica_torrelavega": "Gimnástica Torrelavega",
    "ciudad_de_lorqui": "Ciudad de Lorquí",
    "ciempozuelos": "Ciempozuelos",
    "lagun_onak": "Lagun Onak",
    "union_estepona": "Union Estepona",
    "compostela": "Compostela",
    "gramenet": "Gramenet",
    "sporting_mahones": "Sporting Mahones",
    "caravaca": "Caravaca",
    "andorra_af": "Andorra AF",
    "jumilla": "Jumilla",
    "cerceda": "Cerceda",
    "haro": "Haro",
    "lanzarote": "Lanzarote",
    "ourense": "Ourense",
    "gandia": "Gandia",
    "psg": "Paris Saint-Germain",
    "livyi_bereh": "Livyi Bereh",
    "racing_ferrol": "Racing Ferrol",
    "fk_nizjni_novgorod": "FK Nizjni Novgorod",
    "khimki": "Khimki",
    "jagiellonia_biaystok": "Jagiellonia Biaystok",
    "cracovia_krakw": "Cracovia Krakw",
    "puszcza_niepoomice": "Puszcza Niepoomice",
    "obolonbrovar": "Obolon Brovar",
    "gztepe": "Gztepe",
    "kasmpaa": "Kasmpaa",
    "cosenza": "Cosenza",
    "mantova": "Mantova",
    "sdtirol": "Sdtirol",
    "bologna": "Bologna",
    "deportivo_la_corua": "Deportivo La Coruña",
    "burgos": "Burgos",
    "celta_vigo": "Celta Vigo",
    "deportivo_tenerife": "Deportivo Tenerife",
    "deportivo_zaragoza": "Deportivo Zaragoza",
    "niepolomice": "Niepolomice",
    "lechia_gdask": "Lechia Gdask",
    "cittadella": "Cittadella",
    "cremonese": "Cremonese",
    "osijek": "Osijek",
    "sinttruiden": "Sint-Truiden",
    "casa_pia": "Casa Pia",
    "gornik_lech_poznan": "Gornik Lech Poznan",
    "gornik_zgoda_bydgoszcz": "Gornik Zgoda Bydgoszcz",
    "gornik_polkowice": "Gornik Polkowice",
    "gornik_wroclaw": "Gornik Wroclaw",
    "atltico_madrid": "Atlético Madrid",
    "loser_ucl_q1_match_1": "Loser UCL Q1 Match 1",
    "loser_ucl_q1_match_2": "Loser UCL Q1 Match 2",
    "loser_ucl_q1_match_3": "Loser UCL Q1 Match 3",
    "loser_ucl_q1_match_4": "Loser UCL Q1 Match 4",
    "loser_ucl_q1_match_5": "Loser UCL Q1 Match 5",
    "loser_ucl_q1_match_6": "Loser UCL Q1 Match 6",
    "3rd_group_a_b_c": "3rd Group A/B/C",
    "3rd_group_d_e_f": "3rd Group D/E/F",
    "extremadura_1924": "Extremadura 1924",
    "promesas_edf": "Promesas EDF",
    "seaford_town": "Seaford Town",
    "downton": "Downton",
    "hamworthy_recreation": "Hamworthy Recreation",
    "newquay": "Newquay",
    "portishead_town": "Portishead Town",
    "deportivo_murcia": "Deportivo Murcia",
    "zirauki": "Zirauki",
    "newark_town": "Newark Town",
    "sonsec": "Sonseca",
    "beverley_town": "Beverley Town",
    "sporting_club_inkberrow": "Sporting Club Inkberrow",
    "wokingham_town": "Wokingham Town",
    "moulton": "Moulton",
    "dolorense": "Dolorense",
    "clay_cross_town": "Clay Cross Town",
    "faversham_strike_force": "Faversham Strike Force",
    "sidmouth_town": "Sidmouth Town",
    "coton_green_fc": "Coton Green FC",
    "welwyn": "Welwyn",
    "forest_row": "Forest Row"
  }
}